Image_url,Title,Material,Item no.,Size,Price,,UOM,Box quantity
../../Perfion/Image.aspx?id=c5870a77-9d72-4ee7-84a8-05284a59443e&format=jpg&size=278x278,Drill tool,steel,0120000,3/8WW,£124.00,1,piece(s),21
../../Perfion/Image.aspx?id=54eeb992-ce53-4043-9875-bf3889129473&format=jpg&size=278x278,"Pressure pipe, 10 bar",PVC-U,7013211,50 mm,£3.70,10,piece(s),10
../../Perfion/Image.aspx?id=54eeb992-ce53-4043-9875-bf3889129473&format=jpg&size=278x278,"Pressure pipe, 10 bar",PVC-U,7013212,63 mm,£3.55,10,piece(s),10
../../Perfion/Image.aspx?id=579a620a-542c-42b0-b97e-fbd2f25ad355&format=jpg&size=278x278,"Pressure pipe according to ISO / DIN, 10 bar",PVC-U,0309161,63 mm,£2.25,6,meter,840
../../Perfion/Image.aspx?id=6ebd94c8-5c5d-45a0-a9e5-6efc2451c0ff&format=jpg&size=278x278,Sprayline pipe,PVC-U,0303250,32 mm,£4.30,1,piece(s),519
../../Perfion/Image.aspx?id=6ebd94c8-5c5d-45a0-a9e5-6efc2451c0ff&format=jpg&size=278x278,Sprayline pipe,PVC-U,0303275,32 mm,£4.30,1,piece(s),519
../../Perfion/Image.aspx?id=6ebd94c8-5c5d-45a0-a9e5-6efc2451c0ff&format=jpg&size=278x278,Sprayline pipe,PVC-U,0303290,32 mm,£4.30,1,piece(s),519
../../Perfion/Image.aspx?id=6ebd94c8-5c5d-45a0-a9e5-6efc2451c0ff&format=jpg&size=278x278,Sprayline pipe,PVC-U,0303295,32 mm,£4.30,1,piece(s),519
../../Perfion/Image.aspx?id=6ebd94c8-5c5d-45a0-a9e5-6efc2451c0ff&format=jpg&size=278x278,Sprayline pipe,PVC-U,0303291,32 mm,£4.80,1,piece(s),519
../../Perfion/Image.aspx?id=6ebd94c8-5c5d-45a0-a9e5-6efc2451c0ff&format=jpg&size=278x278,Sprayline pipe,PVC-U,0303520,32 mm,£5.75,1,piece(s),519
../../Perfion/Image.aspx?id=e7b760b3-14bd-4ecf-9774-80bc62f873bb&format=jpg&size=278x278,"Pressure pipe KIWA, 7,5 bar",PVC-U,0329158,50 mm,£1.60,5,meter,1075
../../Perfion/Image.aspx?id=e7b760b3-14bd-4ecf-9774-80bc62f873bb&format=jpg&size=278x278,"Pressure pipe KIWA, 7,5 bar",PVC-U,0329159,63 mm,£2.05,5,meter,800
../../Perfion/Image.aspx?id=e7b760b3-14bd-4ecf-9774-80bc62f873bb&format=jpg&size=278x278,"Pressure pipe KIWA, 7,5 bar",PVC-U,0329160,75 mm,£2.60,5,meter,500
../../Perfion/Image.aspx?id=e7b760b3-14bd-4ecf-9774-80bc62f873bb&format=jpg&size=278x278,"Pressure pipe KIWA, 7,5 bar",PVC-U,0329161,90 mm,£3.90,5,meter,315
../../Perfion/Image.aspx?id=e7b760b3-14bd-4ecf-9774-80bc62f873bb&format=jpg&size=278x278,"Pressure pipe KIWA, 7,5 bar",PVC-U,0329162,110 mm,£5.70,5,meter,215
../../Perfion/Image.aspx?id=e7b760b3-14bd-4ecf-9774-80bc62f873bb&format=jpg&size=278x278,"Pressure pipe KIWA, 7,5 bar",PVC-U,0329163,125 mm,£7.50,5,meter,190
../../Perfion/Image.aspx?id=e7b760b3-14bd-4ecf-9774-80bc62f873bb&format=jpg&size=278x278,"Pressure pipe KIWA, 7,5 bar",PVC-U,0329164,160 mm,£12.10,5,meter,110
../../Perfion/Image.aspx?id=e7b760b3-14bd-4ecf-9774-80bc62f873bb&format=jpg&size=278x278,"Pressure pipe KIWA, 7,5 bar",PVC-U,0329165,200 mm,£19.10,5,meter,70
../../Perfion/Image.aspx?id=e7b760b3-14bd-4ecf-9774-80bc62f873bb&format=jpg&size=278x278,"Pressure pipe KIWA, 7,5 bar",PVC-U,0329166,250 mm,£29.60,5,meter,70
../../Perfion/Image.aspx?id=e7b760b3-14bd-4ecf-9774-80bc62f873bb&format=jpg&size=278x278,"Pressure pipe KIWA, 7,5 bar",PVC-U,0329167,315 mm,£47.20,40,meter,40
../../Perfion/Image.aspx?id=21fc7913-0426-441a-ab05-302550543ca9&format=jpg&size=278x278,"Pressure pipe according to ISO / DIN, 10 bar",PVC-U,0309163,63 mm,£2.25,5,meter,700
../../Perfion/Image.aspx?id=21fc7913-0426-441a-ab05-302550543ca9&format=jpg&size=278x278,"Pressure pipe according to ISO / DIN, 10 bar",PVC-U,0309160,63 mm,£2.25,6,meter,840
../../Perfion/Image.aspx?id=21fc7913-0426-441a-ab05-302550543ca9&format=jpg&size=278x278,"Pressure pipe according to ISO / DIN, 10 bar",PVC-U,0309175,75 mm,£3.20,5,meter,500
../../Perfion/Image.aspx?id=21fc7913-0426-441a-ab05-302550543ca9&format=jpg&size=278x278,"Pressure pipe according to ISO / DIN, 10 bar",PVC-U,0309190,90 mm,£4.45,5,meter,315
../../Perfion/Image.aspx?id=2949b06a-5cb5-4aa8-bd39-cda970e2e9dd&format=jpg&size=278x278,"Pressure pipe according to ISO, 16 bar",PVC-U,0309233,110 mm,£8.50,5,meter,215
../../Perfion/Image.aspx?id=2949b06a-5cb5-4aa8-bd39-cda970e2e9dd&format=jpg&size=278x278,"Pressure pipe according to ISO, 16 bar",PVC-U,0309234,125 mm,£10.70,5,meter,190
../../Perfion/Image.aspx?id=2949b06a-5cb5-4aa8-bd39-cda970e2e9dd&format=jpg&size=278x278,"Pressure pipe according to ISO, 16 bar",PVC-U,0309235,160 mm,£17.70,5,meter,110
../../Perfion/Image.aspx?id=579a620a-542c-42b0-b97e-fbd2f25ad355&format=jpg&size=278x278,"Pressure pipe, 10 bar",PVC-U,0301985,32 mm,£0.62,2,meter,1038
../../Perfion/Image.aspx?id=579a620a-542c-42b0-b97e-fbd2f25ad355&format=jpg&size=278x278,"Pressure pipe, 10 bar",PVC-U,0301986,40 mm,£0.94,2,meter,638
../../Perfion/Image.aspx?id=579a620a-542c-42b0-b97e-fbd2f25ad355&format=jpg&size=278x278,"Pressure pipe, 10 bar",PVC-U,0301987,50 mm,£1.45,2,meter,430
../../Perfion/Image.aspx?id=579a620a-542c-42b0-b97e-fbd2f25ad355&format=jpg&size=278x278,"Pressure pipe, 10 bar",PVC-U,0301988,63 mm,£1.85,2,meter,280
../../Perfion/Image.aspx?id=579a620a-542c-42b0-b97e-fbd2f25ad355&format=jpg&size=278x278,"Pressure pipe, 10 bar",PVC-U,0301989,75 mm,£2.55,2,meter,200
../../Perfion/Image.aspx?id=579a620a-542c-42b0-b97e-fbd2f25ad355&format=jpg&size=278x278,"Pressure pipe, 10 bar",PVC-U,0301990,90 mm,£3.70,2,meter,126
../../Perfion/Image.aspx?id=579a620a-542c-42b0-b97e-fbd2f25ad355&format=jpg&size=278x278,"Pressure pipe, 10 bar",PVC-U,0301991,110 mm,£5.50,2,meter,86
../../Perfion/Image.aspx?id=9eb6c5cc-b3f9-47f2-af4b-b69e3cdb2c6d&format=jpg&size=278x278,"Pressure pipe KIWA, 10 bar plain",PVC-U,0329169,25 mm,£0.87,2500,meter,2000
../../Perfion/Image.aspx?id=9eb6c5cc-b3f9-47f2-af4b-b69e3cdb2c6d&format=jpg&size=278x278,"Pressure pipe KIWA, 10 bar plain",PVC-U,0329170,32 mm,£0.82,976,meter,976
../../Perfion/Image.aspx?id=9eb6c5cc-b3f9-47f2-af4b-b69e3cdb2c6d&format=jpg&size=278x278,"Pressure pipe KIWA, 10 bar plain",PVC-U,0329171,40 mm,£1.20,980,meter,980
../../Perfion/Image.aspx?id=9eb6c5cc-b3f9-47f2-af4b-b69e3cdb2c6d&format=jpg&size=278x278,"Pressure pipe KIWA, 10 bar plain",PVC-U,0329172,50 mm,£2.05,860,meter,860
../../Perfion/Image.aspx?id=2333aadb-eccd-4ae5-b35d-9a726280d730&format=jpg&size=278x278,"Pressure pipe KIWA, 7,5 bar",PVC-U,0329560,75 mm,£3.40,3000,meter,500
../../Perfion/Image.aspx?id=2333aadb-eccd-4ae5-b35d-9a726280d730&format=jpg&size=278x278,"Pressure pipe KIWA, 7,5 bar",PVC-U,0329561,90 mm,£4.05,2835,meter,315
../../Perfion/Image.aspx?id=2333aadb-eccd-4ae5-b35d-9a726280d730&format=jpg&size=278x278,"Pressure pipe KIWA, 7,5 bar",PVC-U,0329562,110 mm,£5.85,5,meter,215
../../Perfion/Image.aspx?id=2333aadb-eccd-4ae5-b35d-9a726280d730&format=jpg&size=278x278,"Pressure pipe KIWA, 7,5 bar",PVC-U,0329563,125 mm,£7.65,5,meter,150
../../Perfion/Image.aspx?id=2333aadb-eccd-4ae5-b35d-9a726280d730&format=jpg&size=278x278,"Pressure pipe KIWA, 7,5 bar",PVC-U,0329564,160 mm,£12.20,5,meter,110
../../Perfion/Image.aspx?id=2333aadb-eccd-4ae5-b35d-9a726280d730&format=jpg&size=278x278,"Pressure pipe KIWA, 7,5 bar",PVC-U,0329565,200 mm,£19.30,5,meter,70
../../Perfion/Image.aspx?id=2333aadb-eccd-4ae5-b35d-9a726280d730&format=jpg&size=278x278,"Pressure pipe KIWA, 7,5 bar",PVC-U,0329566,250 mm,£29.80,5,meter,35
../../Perfion/Image.aspx?id=63f3bc9b-25f0-43b1-8840-46f6b38ea77e&format=jpg&size=278x278,Pressure pipe according to ISO / DIN,PVC-U,0309089,110 mm,£6.75,5,meter,215
../../Perfion/Image.aspx?id=63f3bc9b-25f0-43b1-8840-46f6b38ea77e&format=jpg&size=278x278,Pressure pipe according to ISO / DIN,PVC-U,0309192,125 mm,£8.55,5,meter,190
../../Perfion/Image.aspx?id=63f3bc9b-25f0-43b1-8840-46f6b38ea77e&format=jpg&size=278x278,Pressure pipe according to ISO / DIN,PVC-U,0309195,140 mm,£10.60,5,meter,130
../../Perfion/Image.aspx?id=63f3bc9b-25f0-43b1-8840-46f6b38ea77e&format=jpg&size=278x278,Pressure pipe according to ISO / DIN,PVC-U,7024075,140 mm,£10.60,6,meter,0
../../Perfion/Image.aspx?id=63f3bc9b-25f0-43b1-8840-46f6b38ea77e&format=jpg&size=278x278,Pressure pipe according to ISO / DIN,PVC-U,0309099,160 mm,£14.00,5,meter,110
../../Perfion/Image.aspx?id=63f3bc9b-25f0-43b1-8840-46f6b38ea77e&format=jpg&size=278x278,Pressure pipe according to ISO / DIN,PVC-U,0309035,160 mm,£15.70,132,meter,132
../../Perfion/Image.aspx?id=63f3bc9b-25f0-43b1-8840-46f6b38ea77e&format=jpg&size=278x278,Pressure pipe according to ISO / DIN,PVC-U,7003382,200 mm,£23.20,5,meter,5
../../Perfion/Image.aspx?id=63f3bc9b-25f0-43b1-8840-46f6b38ea77e&format=jpg&size=278x278,Pressure pipe according to ISO / DIN,PVC-U,0309087,280 mm,£76.40,6,meter,48
../../Perfion/Image.aspx?id=21267f1d-a72c-4a03-bbc8-c139c036d7cd&format=jpg&size=278x278,"Pressure pipe KIWA, 12,5 bar",PVC-U,0329180,90 mm,£6.10,5,meter,315
../../Perfion/Image.aspx?id=21267f1d-a72c-4a03-bbc8-c139c036d7cd&format=jpg&size=278x278,"Pressure pipe KIWA, 12,5 bar",PVC-U,0329181,110 mm,£9.30,5,meter,215
../../Perfion/Image.aspx?id=21267f1d-a72c-4a03-bbc8-c139c036d7cd&format=jpg&size=278x278,"Pressure pipe KIWA, 12,5 bar",PVC-U,0329182,125 mm,£11.90,5,meter,190
../../Perfion/Image.aspx?id=95858117-4b0d-424a-ade4-b748bc4fe71e&format=jpg&size=278x278,"Pressure pipe according to ISO, 12,5 bar",PVC-U,0309230,63 mm,£2.75,5,meter,700
../../Perfion/Image.aspx?id=95858117-4b0d-424a-ade4-b748bc4fe71e&format=jpg&size=278x278,"Pressure pipe according to ISO, 12,5 bar",PVC-U,0309231,75 mm,£3.85,5,meter,500
../../Perfion/Image.aspx?id=95858117-4b0d-424a-ade4-b748bc4fe71e&format=jpg&size=278x278,"Pressure pipe according to ISO, 12,5 bar",PVC-U,0309232,90 mm,£5.55,5,meter,315
../../Perfion/Image.aspx?id=fefa84b8-1431-48bf-8f7a-11cfd82af2c2&format=jpg&size=278x278,Pressure pipe according to ISO,PVC-U,0340001,20 mm,£2.95,5,meter,25
../../Perfion/Image.aspx?id=fefa84b8-1431-48bf-8f7a-11cfd82af2c2&format=jpg&size=278x278,Pressure pipe according to ISO,PVC-U,0340026,25 mm,£4.25,5,meter,25
../../Perfion/Image.aspx?id=fefa84b8-1431-48bf-8f7a-11cfd82af2c2&format=jpg&size=278x278,Pressure pipe according to ISO,PVC-U,0340027,32 mm,£5.55,5,meter,20
../../Perfion/Image.aspx?id=fefa84b8-1431-48bf-8f7a-11cfd82af2c2&format=jpg&size=278x278,Pressure pipe according to ISO,PVC-U,0340028,40 mm,£8.90,5,meter,20
../../Perfion/Image.aspx?id=fefa84b8-1431-48bf-8f7a-11cfd82af2c2&format=jpg&size=278x278,Pressure pipe according to ISO,PVC-U,0340029,50 mm,£14.80,5,meter,20
../../Perfion/Image.aspx?id=fefa84b8-1431-48bf-8f7a-11cfd82af2c2&format=jpg&size=278x278,Pressure pipe according to ISO,PVC-U,0340030,63 mm,£23.10,5,meter,15
../../Perfion/Image.aspx?id=c009b8db-eb72-4636-8415-28efbc231bf0&format=jpg&size=278x278,Pressure pipe according to ISO,PVC-U,0340018,25 mm,£3.70,5,meter,25
../../Perfion/Image.aspx?id=c009b8db-eb72-4636-8415-28efbc231bf0&format=jpg&size=278x278,Pressure pipe according to ISO,PVC-U,0340019,32 mm,£4.40,5,meter,20
../../Perfion/Image.aspx?id=c009b8db-eb72-4636-8415-28efbc231bf0&format=jpg&size=278x278,Pressure pipe according to ISO,PVC-U,0340025,110 mm,£44.30,5,meter,5
../../Perfion/Image.aspx?id=5e036fb2-754f-4d96-858b-1f07861a5214&format=jpg&size=278x278,"Pressure pipe, 10 bar",PVC-U,0302000,20 mm,£0.41,5,meter,4380
../../Perfion/Image.aspx?id=5e036fb2-754f-4d96-858b-1f07861a5214&format=jpg&size=278x278,"Pressure pipe, 10 bar",PVC-U,0309025,25 mm,£0.55,5,meter,4455
../../Perfion/Image.aspx?id=5e036fb2-754f-4d96-858b-1f07861a5214&format=jpg&size=278x278,"Pressure pipe, 10 bar",PVC-U,0303179,32 mm,£0.62,5,meter,2595
../../Perfion/Image.aspx?id=5e036fb2-754f-4d96-858b-1f07861a5214&format=jpg&size=278x278,"Pressure pipe, 10 bar",PVC-U,0309032,32 mm,£0.77,2595,meter,2595
../../Perfion/Image.aspx?id=5e036fb2-754f-4d96-858b-1f07861a5214&format=jpg&size=278x278,"Pressure pipe, 10 bar",PVC-U,0309040,40 mm,£0.94,5,meter,1595
../../Perfion/Image.aspx?id=5e036fb2-754f-4d96-858b-1f07861a5214&format=jpg&size=278x278,"Pressure pipe, 10 bar",PVC-U,0309050,50 mm,£1.45,5,meter,1075
../../Perfion/Image.aspx?id=5e036fb2-754f-4d96-858b-1f07861a5214&format=jpg&size=278x278,"Pressure pipe, 10 bar",PVC-U,0309063,63 mm,£1.85,5,meter,700
../../Perfion/Image.aspx?id=5e036fb2-754f-4d96-858b-1f07861a5214&format=jpg&size=278x278,"Pressure pipe, 10 bar",PVC-U,0309075,75 mm,£2.55,5,meter,500
../../Perfion/Image.aspx?id=5e036fb2-754f-4d96-858b-1f07861a5214&format=jpg&size=278x278,"Pressure pipe, 10 bar",PVC-U,0309090,90 mm,£3.70,5,meter,315
../../Perfion/Image.aspx?id=5e036fb2-754f-4d96-858b-1f07861a5214&format=jpg&size=278x278,"Pressure pipe, 10 bar",PVC-U,0309091,110 mm,£5.50,5,meter,215
../../Perfion/Image.aspx?id=5e036fb2-754f-4d96-858b-1f07861a5214&format=jpg&size=278x278,"Pressure pipe, 10 bar",PVC-U,0309092,125 mm,£6.95,5,meter,190
../../Perfion/Image.aspx?id=5e036fb2-754f-4d96-858b-1f07861a5214&format=jpg&size=278x278,"Pressure pipe, 10 bar",PVC-U,0309093,140 mm,£8.80,5,meter,130
../../Perfion/Image.aspx?id=5e036fb2-754f-4d96-858b-1f07861a5214&format=jpg&size=278x278,"Pressure pipe, 10 bar",PVC-U,0309094,160 mm,£11.40,5,meter,110
../../Perfion/Image.aspx?id=5e036fb2-754f-4d96-858b-1f07861a5214&format=jpg&size=278x278,"Pressure pipe, 10 bar",PVC-U,0309095,200 mm,£18.90,5,meter,70
../../Perfion/Image.aspx?id=5e036fb2-754f-4d96-858b-1f07861a5214&format=jpg&size=278x278,"Pressure pipe, 10 bar",PVC-U,0309098,225 mm,£25.50,5,meter,55
../../Perfion/Image.aspx?id=5e036fb2-754f-4d96-858b-1f07861a5214&format=jpg&size=278x278,"Pressure pipe, 10 bar",PVC-U,0309096,250 mm,£31.60,5,meter,70
../../Perfion/Image.aspx?id=5e036fb2-754f-4d96-858b-1f07861a5214&format=jpg&size=278x278,"Pressure pipe, 10 bar",PVC-U,0309097,315 mm,£56.70,5,meter,40
../../Perfion/Image.aspx?id=7dd941eb-18b2-4028-ac5c-bce139a6ab49&format=jpg&size=278x278,"Pressure pipe, 7,5 bar",PVC-U,0305000,50 mm,£1.20,5,meter,1075
../../Perfion/Image.aspx?id=7dd941eb-18b2-4028-ac5c-bce139a6ab49&format=jpg&size=278x278,"Pressure pipe, 7,5 bar",PVC-U,0306300,63 mm,£1.55,5,meter,700
../../Perfion/Image.aspx?id=7dd941eb-18b2-4028-ac5c-bce139a6ab49&format=jpg&size=278x278,"Pressure pipe, 7,5 bar",PVC-U,0307500,75 mm,£2.00,5,meter,500
../../Perfion/Image.aspx?id=7dd941eb-18b2-4028-ac5c-bce139a6ab49&format=jpg&size=278x278,"Pressure pipe, 7,5 bar",PVC-U,0309000,90 mm,£3.00,5,meter,315
../../Perfion/Image.aspx?id=7dd941eb-18b2-4028-ac5c-bce139a6ab49&format=jpg&size=278x278,"Pressure pipe, 7,5 bar",PVC-U,0309001,110 mm,£4.35,5,meter,215
../../Perfion/Image.aspx?id=7dd941eb-18b2-4028-ac5c-bce139a6ab49&format=jpg&size=278x278,"Pressure pipe, 7,5 bar",PVC-U,0309002,125 mm,£5.55,5,meter,190
../../Perfion/Image.aspx?id=7dd941eb-18b2-4028-ac5c-bce139a6ab49&format=jpg&size=278x278,"Pressure pipe, 7,5 bar",PVC-U,0309003,160 mm,£8.90,5,meter,110
../../Perfion/Image.aspx?id=7dd941eb-18b2-4028-ac5c-bce139a6ab49&format=jpg&size=278x278,"Pressure pipe, 7,5 bar",PVC-U,0309004,200 mm,£14.10,5,meter,70
../../Perfion/Image.aspx?id=7dd941eb-18b2-4028-ac5c-bce139a6ab49&format=jpg&size=278x278,"Pressure pipe, 7,5 bar",PVC-U,0309005,250 mm,£22.90,5,meter,70
../../Perfion/Image.aspx?id=7dd941eb-18b2-4028-ac5c-bce139a6ab49&format=jpg&size=278x278,"Pressure pipe, 7,5 bar",PVC-U,0309006,315 mm,£40.10,5,meter,40
../../Perfion/Image.aspx?id=55472cf7-76a9-49d4-b24a-77c3e4e0b3a2&format=jpg&size=278x278,"Pressure pipe KIWA, 10 bar",PVC-U,0329574,75 mm,£3.60,5,meter,500
../../Perfion/Image.aspx?id=55472cf7-76a9-49d4-b24a-77c3e4e0b3a2&format=jpg&size=278x278,"Pressure pipe KIWA, 10 bar",PVC-U,0329575,90 mm,£5.20,5,meter,315
../../Perfion/Image.aspx?id=55472cf7-76a9-49d4-b24a-77c3e4e0b3a2&format=jpg&size=278x278,"Pressure pipe KIWA, 10 bar",PVC-U,0329576,110 mm,£7.55,5,meter,215
../../Perfion/Image.aspx?id=55472cf7-76a9-49d4-b24a-77c3e4e0b3a2&format=jpg&size=278x278,"Pressure pipe KIWA, 10 bar",PVC-U,0329577,125 mm,£9.80,5,meter,150
../../Perfion/Image.aspx?id=55472cf7-76a9-49d4-b24a-77c3e4e0b3a2&format=jpg&size=278x278,"Pressure pipe KIWA, 10 bar",PVC-U,0329578,160 mm,£16.10,5,meter,110
../../Perfion/Image.aspx?id=55472cf7-76a9-49d4-b24a-77c3e4e0b3a2&format=jpg&size=278x278,"Pressure pipe KIWA, 10 bar",PVC-U,0329579,200 mm,£24.90,5,meter,70
../../Perfion/Image.aspx?id=55472cf7-76a9-49d4-b24a-77c3e4e0b3a2&format=jpg&size=278x278,"Pressure pipe KIWA, 10 bar",PVC-U,0329585,250 mm,£38.80,5,meter,35
../../Perfion/Image.aspx?id=07eb0c17-c823-4da2-9b82-26c03dfc364b&format=jpg&size=278x278,Spare drill,steel,0120003,3/8WW,£38.60,1,piece(s),1
../../Perfion/Image.aspx?id=0522d64c-0dd2-4049-b4a0-2dd13b4c3f50&format=jpg&size=278x278,Pressure pipe according to ISO,PVC-U,0340020,40 mm,£6.20,5,meter,20
../../Perfion/Image.aspx?id=0522d64c-0dd2-4049-b4a0-2dd13b4c3f50&format=jpg&size=278x278,Pressure pipe according to ISO,PVC-U,0340021,50 mm,£7.95,5,meter,20
../../Perfion/Image.aspx?id=0522d64c-0dd2-4049-b4a0-2dd13b4c3f50&format=jpg&size=278x278,Pressure pipe according to ISO,PVC-U,0340022,63 mm,£12.10,5,meter,15
../../Perfion/Image.aspx?id=0522d64c-0dd2-4049-b4a0-2dd13b4c3f50&format=jpg&size=278x278,Pressure pipe according to ISO,PVC-U,0340023,75 mm,£21.30,5,meter,15
../../Perfion/Image.aspx?id=0522d64c-0dd2-4049-b4a0-2dd13b4c3f50&format=jpg&size=278x278,Pressure pipe according to ISO,PVC-U,0340024,90 mm,£30.30,5,meter,10
../../Perfion/Image.aspx?id=fa2d864b-cddc-44eb-862c-8efb130565af&format=jpg&size=278x278,"Pressure pipe KIWA, 10 bar",PVC-U,0329192,32 mm,£0.79,5,meter,1220
../../Perfion/Image.aspx?id=fa2d864b-cddc-44eb-862c-8efb130565af&format=jpg&size=278x278,"Pressure pipe KIWA, 10 bar",PVC-U,0329193,40 mm,£1.20,5,meter,1225
../../Perfion/Image.aspx?id=fa2d864b-cddc-44eb-862c-8efb130565af&format=jpg&size=278x278,"Pressure pipe KIWA, 10 bar",PVC-U,0329190,50 mm,£1.95,5,meter,1075
../../Perfion/Image.aspx?id=fa2d864b-cddc-44eb-862c-8efb130565af&format=jpg&size=278x278,"Pressure pipe KIWA, 10 bar",PVC-U,0329191,63 mm,£2.45,5,meter,800
../../Perfion/Image.aspx?id=fa2d864b-cddc-44eb-862c-8efb130565af&format=jpg&size=278x278,"Pressure pipe KIWA, 10 bar",PVC-U,0329174,75 mm,£3.50,5,meter,500
../../Perfion/Image.aspx?id=fa2d864b-cddc-44eb-862c-8efb130565af&format=jpg&size=278x278,"Pressure pipe KIWA, 10 bar",PVC-U,0329175,90 mm,£5.05,5,meter,315
../../Perfion/Image.aspx?id=fa2d864b-cddc-44eb-862c-8efb130565af&format=jpg&size=278x278,"Pressure pipe KIWA, 10 bar",PVC-U,0329176,110 mm,£7.40,5,meter,215
../../Perfion/Image.aspx?id=fa2d864b-cddc-44eb-862c-8efb130565af&format=jpg&size=278x278,"Pressure pipe KIWA, 10 bar",PVC-U,0329177,125 mm,£9.65,5,meter,190
../../Perfion/Image.aspx?id=fa2d864b-cddc-44eb-862c-8efb130565af&format=jpg&size=278x278,"Pressure pipe KIWA, 10 bar",PVC-U,0329178,160 mm,£16.00,5,meter,110
../../Perfion/Image.aspx?id=fa2d864b-cddc-44eb-862c-8efb130565af&format=jpg&size=278x278,"Pressure pipe KIWA, 10 bar",PVC-U,0329179,200 mm,£24.80,5,meter,70
../../Perfion/Image.aspx?id=fa2d864b-cddc-44eb-862c-8efb130565af&format=jpg&size=278x278,"Pressure pipe KIWA, 10 bar",PVC-U,0329185,250 mm,£38.70,5,meter,70
../../Perfion/Image.aspx?id=fa2d864b-cddc-44eb-862c-8efb130565af&format=jpg&size=278x278,"Pressure pipe KIWA, 10 bar",PVC-U,0329186,315 mm,£61.40,5,meter,40
../../Perfion/Image.aspx?id=96d40d36-c8e5-431d-a155-2e497e710902&format=jpg&size=278x278,"Pressure pipe according to ISO / DIN, 16 bar",PVC-U,0329121,20 mm,£0.46,5,meter,4380
../../Perfion/Image.aspx?id=96d40d36-c8e5-431d-a155-2e497e710902&format=jpg&size=278x278,"Pressure pipe according to ISO / DIN, 16 bar",PVC-U,0329126,25 mm,£0.70,5,meter,4455
../../Perfion/Image.aspx?id=96d40d36-c8e5-431d-a155-2e497e710902&format=jpg&size=278x278,"Pressure pipe according to ISO / DIN, 16 bar",PVC-U,0329133,32 mm,£0.90,5,meter,2595
../../Perfion/Image.aspx?id=96d40d36-c8e5-431d-a155-2e497e710902&format=jpg&size=278x278,"Pressure pipe according to ISO / DIN, 16 bar",PVC-U,0329141,40 mm,£1.40,5,meter,1595
../../Perfion/Image.aspx?id=96d40d36-c8e5-431d-a155-2e497e710902&format=jpg&size=278x278,"Pressure pipe according to ISO / DIN, 16 bar",PVC-U,0309229,50 mm,£2.20,5,meter,1075
../../Perfion/Image.aspx?id=96d40d36-c8e5-431d-a155-2e497e710902&format=jpg&size=278x278,"Pressure pipe according to ISO / DIN, 16 bar",PVC-U,0309159,63 mm,£3.50,5,meter,700
../../Perfion/Image.aspx?id=96d40d36-c8e5-431d-a155-2e497e710902&format=jpg&size=278x278,"Pressure pipe according to ISO / DIN, 16 bar",PVC-U,7018027,75 mm,£4.95,5,meter,500
../../Perfion/Image.aspx?id=96d40d36-c8e5-431d-a155-2e497e710902&format=jpg&size=278x278,"Pressure pipe according to ISO / DIN, 16 bar",PVC-U,7018028,90 mm,£7.05,5,meter,315
../../Perfion/Image.aspx?id=f03f8aa6-482a-4294-a128-cc7652674279&format=jpg&size=278x278,"Pressure pipe KIWA, 16 bar",PVC-U,0329112,12 mm,£0.26,4,meter,10000
../../Perfion/Image.aspx?id=f03f8aa6-482a-4294-a128-cc7652674279&format=jpg&size=278x278,"Pressure pipe KIWA, 16 bar",PVC-U,0329116,16 mm,£0.43,4,meter,6000
../../Perfion/Image.aspx?id=f03f8aa6-482a-4294-a128-cc7652674279&format=jpg&size=278x278,"Pressure pipe KIWA, 16 bar",PVC-U,0329120,20 mm,£0.53,4,meter,5000
../../Perfion/Image.aspx?id=f03f8aa6-482a-4294-a128-cc7652674279&format=jpg&size=278x278,"Pressure pipe KIWA, 16 bar",PVC-U,0329125,25 mm,£0.79,4,meter,2000
../../Perfion/Image.aspx?id=f03f8aa6-482a-4294-a128-cc7652674279&format=jpg&size=278x278,"Pressure pipe KIWA, 16 bar",PVC-U,0329132,32 mm,£1.20,4,meter,976
../../Perfion/Image.aspx?id=f03f8aa6-482a-4294-a128-cc7652674279&format=jpg&size=278x278,"Pressure pipe KIWA, 16 bar",PVC-U,0329140,40 mm,£1.95,4,meter,980
../../Perfion/Image.aspx?id=f03f8aa6-482a-4294-a128-cc7652674279&format=jpg&size=278x278,"Pressure pipe KIWA, 16 bar",PVC-U,0329150,50 mm,£2.95,4,meter,860
../../Perfion/Image.aspx?id=f03f8aa6-482a-4294-a128-cc7652674279&format=jpg&size=278x278,"Pressure pipe KIWA, 16 bar",PVC-U,0329153,63 mm,£3.70,4,meter,640
../../Perfion/Image.aspx?id=da18d279-c1ae-4b64-b2fc-dcb246e59c88&format=jpg&size=278x278,Pressure pipe according to ISO / DIN,PVC-U,0309236,140 mm,£16.60,5,meter,140
../../Perfion/Image.aspx?id=e2132f35-9ab7-4aab-bcb9-d46a9fec1bf8&format=jpg&size=278x278,"Pressure pipe KIWA, 12,5 bar",PVC-U,0329589,63 mm,£3.15,5,meter,390
../../Perfion/Image.aspx?id=e2132f35-9ab7-4aab-bcb9-d46a9fec1bf8&format=jpg&size=278x278,"Pressure pipe KIWA, 12,5 bar",PVC-U,7021052,75 mm,£4.65,500,meter,5
../../Perfion/Image.aspx?id=e2132f35-9ab7-4aab-bcb9-d46a9fec1bf8&format=jpg&size=278x278,"Pressure pipe KIWA, 12,5 bar",PVC-U,0329582,125 mm,£12.00,5,meter,150
../../Perfion/Image.aspx?id=e2132f35-9ab7-4aab-bcb9-d46a9fec1bf8&format=jpg&size=278x278,"Pressure pipe KIWA, 12,5 bar",PVC-U,7021053,160 mm,£19.90,110,meter,5
../../Perfion/Image.aspx?id=e2132f35-9ab7-4aab-bcb9-d46a9fec1bf8&format=jpg&size=278x278,"Pressure pipe KIWA, 12,5 bar",PVC-U,7021054,200 mm,£33.90,70,meter,5
